alpha,N,m,T_over_tau,nsubs,R,meanV,varV,edf,edf_se,meanW,B,B_se
2,1024,1,1.023000e+03,1021,3000,1.0095469600e-01,4.8866661900e-05,417.128989,10.880499,1.5511900714e-01,0.650821,0.000081
2,1024,2,5.115000e+02,1017,3000,1.3871483953e-02,6.2978507661e-07,611.059468,15.745106,1.2771001906e-02,1.086170,0.000420
2,1024,4,2.557500e+02,1009,3000,1.5656207806e-03,1.1670077900e-08,420.077475,10.441839,1.4844629737e-03,1.054671,0.000402
2,1024,8,1.278750e+02,993,3000,1.8286220587e-04,2.8825519346e-10,232.006827,5.992533,1.7567243769e-04,1.040927,0.000521
2,1024,16,6.393750e+01,961,3000,2.2058874576e-05,9.0062737785e-12,108.056664,2.706047,2.1393921703e-05,1.031081,0.000765
2,1024,32,3.196875e+01,897,3000,2.6951777595e-06,2.8359945205e-13,51.227061,1.404201,2.6187979792e-06,1.029166,0.001167
2,1024,64,1.598438e+01,769,3000,3.3438482422e-07,1.0052675636e-14,22.245463,0.677236,3.2608687833e-07,1.025447,0.001756
2,1024,128,7.992188e+00,513,3000,4.1488264878e-08,3.6311565491e-16,9.480594,0.300415,4.0486558255e-08,1.024742,0.003366
2,2048,1,2.047000e+03,2045,3000,1.0104107452e-01,2.2872554952e-05,892.711703,22.960345,1.5526461210e-01,0.650767,0.000059
2,2048,2,1.023500e+03,2041,3000,1.3876324300e-02,3.2280673093e-07,1192.988607,30.873961,1.2778591807e-02,1.085904,0.000284
2,2048,4,5.117500e+02,2033,3000,1.5618094751e-03,5.4077710265e-09,902.127263,23.715583,1.4797517688e-03,1.055454,0.000288
2,2048,8,2.558750e+02,2017,3000,1.8234803213e-04,1.4233608629e-10,467.215387,11.866989,1.7518149260e-04,1.040909,0.000375
2,2048,16,1.279375e+02,1985,3000,2.1965614336e-05,4.3810504432e-12,220.261428,5.930008,2.1290255245e-05,1.031722,0.000548
2,2048,32,6.396875e+01,1921,3000,2.6846626476e-06,1.3185422978e-13,109.323964,2.918151,2.6077298332e-06,1.029502,0.000777
2,2048,64,3.198438e+01,1793,3000,3.3393028297e-07,4.5755517605e-15,48.741415,1.298485,3.2517833978e-07,1.026914,0.001107
2,2048,128,1.599219e+01,1537,3000,4.1375794037e-08,1.4835639812e-16,23.078969,0.683248,4.0293880190e-08,1.026851,0.001753
2,2048,256,7.996094e+00,1025,3000,5.1517780220e-09,6.0504153475e-18,8.773221,0.285173,5.0366447023e-09,1.022859,0.003400
2,4096,1,4.095000e+03,4093,3000,1.0093662549e-01,1.2106699863e-05,1683.068463,43.846200,1.5507234637e-01,0.650900,0.000042
2,4096,2,2.047500e+03,4089,3000,1.3881505654e-02,1.5788412022e-07,2440.982652,65.017637,1.2784405233e-02,1.085816,0.000212
2,4096,4,1.023750e+03,4081,3000,1.5607789505e-03,2.7127066880e-09,1796.014986,47.771835,1.4788877663e-03,1.055373,0.000197
2,4096,8,5.118750e+02,4065,3000,1.8207677415e-04,6.9088343952e-11,959.697390,25.201396,1.7496273183e-04,1.040660,0.000265
2,4096,16,2.559375e+02,4033,3000,2.1948054655e-05,2.2156833109e-12,434.824869,11.561765,2.1262423333e-05,1.032246,0.000385
2,4096,32,1.279688e+02,3969,3000,2.6900857914e-06,6.8548514035e-14,211.136935,5.452086,2.6155175998e-06,1.028510,0.000538
2,4096,64,6.398438e+01,3841,3000,3.3180445978e-07,2.0996929350e-15,104.866952,2.710428,3.2247989796e-07,1.028915,0.000781
2,4096,128,3.199219e+01,3585,3000,4.1683514104e-08,7.4364114888e-17,46.729941,1.252961,4.0751889619e-08,1.022861,0.001142
2,4096,256,1.599609e+01,3073,3000,5.1632222500e-09,2.3800367220e-18,22.402061,0.654798,5.0265193336e-09,1.027196,0.001800
2,4096,512,7.998047e+00,2049,3000,6.4734646117e-10,9.3554241937e-20,8.958598,0.390816,6.3332685298e-10,1.022136,0.003347
2,8192,1,8.191000e+03,8189,3000,1.0103224294e-01,5.9892649083e-06,3408.603316,85.032619,1.5525002846e-01,0.650771,0.000029
2,8192,2,4.095500e+03,8185,3000,1.3870754230e-02,7.5408060956e-08,5102.844987,133.602062,1.2770259146e-02,1.086176,0.000140
2,8192,4,2.047750e+03,8177,3000,1.5615062764e-03,1.3431486120e-09,3630.725341,94.849032,1.4797952180e-03,1.055218,0.000145
2,8192,8,1.023875e+03,8161,3000,1.8232447499e-04,3.5672669384e-11,1863.735726,50.314363,1.7522196919e-04,1.040534,0.000189
2,8192,16,5.119375e+02,8129,3000,2.1970012343e-05,1.0446777777e-12,924.077170,23.068465,2.1278327963e-05,1.032507,0.000264
2,8192,32,2.559688e+02,8065,3000,2.6953537571e-06,3.4219911193e-14,424.602614,10.954421,2.6199286406e-06,1.028789,0.000387
2,8192,64,1.279844e+02,7937,3000,3.3333026180e-07,1.0962990982e-15,202.698449,5.000515,3.2451024933e-07,1.027179,0.000559
2,8192,128,6.399219e+01,7681,3000,4.1480595173e-08,3.3751808375e-17,101.958375,2.646047,4.0425839637e-08,1.026091,0.000786
2,8192,256,3.199609e+01,7169,3000,5.1730385926e-09,1.1313970244e-18,47.304930,1.272654,5.0450028671e-09,1.025379,0.001123
2,8192,512,1.599805e+01,6145,3000,6.4077176821e-10,3.5628190820e-20,23.048516,0.700798,6.2576005153e-10,1.023990,0.001789
2,8192,1024,7.999023e+00,4097,3000,7.8859481958e-11,1.2537853348e-21,9.920068,0.318057,7.6835991315e-11,1.026335,0.003283
2,16384,1,1.638300e+04,16381,3000,1.0094422660e-01,2.8538214313e-06,7141.117361,179.175072,1.5510294323e-01,0.650821,0.000021
2,16384,2,8.191500e+03,16377,3000,1.3873584388e-02,3.6600078032e-08,10517.810568,277.922457,1.2777047008e-02,1.085821,0.000102
2,16384,4,4.095750e+03,16369,3000,1.5611464228e-03,7.0579825170e-10,6906.160925,180.112893,1.4790920029e-03,1.055476,0.000104
2,16384,8,2.047875e+03,16353,3000,1.8238245089e-04,1.8572980232e-11,3581.908555,92.697837,1.7528758636e-04,1.040476,0.000136
2,16384,16,1.023938e+03,16321,3000,2.1976921468e-05,5.4470161570e-13,1773.393224,48.388736,2.1286689143e-05,1.032426,0.000186
2,16384,32,5.119688e+02,16257,3000,2.6921829440e-06,1.6559368801e-14,875.377448,22.233434,2.6157225653e-06,1.029231,0.000271
2,16384,64,2.559844e+02,16129,3000,3.3393092547e-07,5.3038709701e-16,420.484826,10.970929,3.2537651555e-07,1.026291,0.000386
2,16384,128,1.279922e+02,15873,3000,4.1528534962e-08,1.6215702466e-17,212.709776,5.476476,4.0468555349e-08,1.026193,0.000551
2,16384,256,6.399609e+01,15361,3000,5.1849413951e-09,5.1810611827e-19,103.776490,2.922307,5.0519550813e-09,1.026324,0.000756
2,16384,512,3.199805e+01,14337,3000,6.5084287418e-10,1.7816372016e-20,47.551370,1.302286,6.3627943064e-10,1.022888,0.001133
2,16384,1024,1.599902e+01,12289,3000,8.0854773435e-11,5.8287850049e-22,22.431757,0.652806,7.8943676610e-11,1.024208,0.001804
2,16384,2048,7.999512e+00,8193,3000,9.9454908198e-12,2.0497609606e-23,9.651153,0.349571,9.6945040824e-12,1.025890,0.003376
2,32768,1,3.276700e+04,32765,3000,1.0097046574e-01,1.4675064492e-06,13894.364768,359.313580,1.5514150336e-01,0.650828,0.000015
2,32768,2,1.638350e+04,32761,3000,1.3877467102e-02,2.0121050495e-08,19142.548566,497.437610,1.2780333069e-02,1.085845,0.000073
2,32768,4,8.191750e+03,32753,3000,1.5613866399e-03,3.4189811298e-10,14261.138899,375.752044,1.4793588037e-03,1.055448,0.000075
2,32768,8,4.095875e+03,32737,3000,1.8253198204e-04,9.0972018443e-12,7324.873085,183.457800,1.7548194744e-04,1.040175,0.000095
2,32768,16,2.047938e+03,32705,3000,2.1970714757e-05,2.7352774033e-13,3529.530909,89.222566,2.1269521039e-05,1.032967,0.000131
2,32768,32,1.023969e+03,32641,3000,2.6955034048e-06,8.5866315737e-15,1692.337337,44.143761,2.6200073720e-06,1.028815,0.000191
2,32768,64,5.119844e+02,32513,3000,3.3367695073e-07,2.5457193598e-16,874.725700,23.175188,3.2490989609e-07,1.026983,0.000265
2,32768,128,2.559922e+02,32257,3000,4.1444175807e-08,7.9448744431e-18,432.384356,10.768331,4.0394219658e-08,1.025993,0.000368
2,32768,256,1.279961e+02,31745,3000,5.1628351487e-09,2.5326047684e-19,210.493695,5.634665,5.0308830545e-09,1.026228,0.000552
2,32768,512,6.399805e+01,30721,3000,6.4604456774e-10,8.1324410689e-21,102.644109,2.728917,6.3029594833e-10,1.024986,0.000770
2,32768,1024,3.199902e+01,28673,3000,8.0731293680e-11,2.7227953285e-22,47.873902,1.276659,7.8783709552e-11,1.024721,0.001128
2,32768,2048,1.599951e+01,24577,3000,1.0117236703e-11,9.7224730257e-24,21.056058,0.580403,9.8560769278e-12,1.026497,0.001872
2,32768,4096,7.999756e+00,16385,3000,1.2566054702e-12,3.4120431519e-25,9.255787,0.288667,1.2238856455e-12,1.026734,0.003423
1,1024,1,1.023000e+03,1021,3000,2.6191042115e-01,2.5679223324e-04,534.261242,14.323829,3.8556929573e-01,0.679282,0.000112
1,1024,2,5.115000e+02,1017,3000,5.9770756079e-02,1.1922213355e-05,599.308732,15.843092,5.8382150278e-02,1.023785,0.000313
1,1024,4,2.557500e+02,1009,3000,1.2144109555e-02,9.1523499697e-07,322.276568,8.156342,1.2128816058e-02,1.001261,0.000382
1,1024,8,1.278750e+02,993,3000,2.7972076205e-03,1.0451417477e-07,149.728407,3.787916,2.8188304269e-03,0.992329,0.000539
1,1024,16,6.393750e+01,961,3000,6.8141106414e-04,1.2819637327e-08,72.439029,1.856824,6.8882338088e-04,0.989239,0.000812
1,1024,32,3.196875e+01,897,3000,1.6926107874e-04,1.6737902947e-09,34.232858,0.963467,1.7137915710e-04,0.987641,0.001202
1,1024,64,1.598438e+01,769,3000,4.1883255923e-05,2.2216404113e-10,15.791999,0.442888,4.2322225578e-05,0.989628,0.001848
1,1024,128,7.992188e+00,513,3000,1.0462160558e-05,3.4261554388e-11,6.389483,0.243613,1.0724750894e-05,0.975515,0.003362
1,2048,1,2.047000e+03,2045,3000,2.6157769471e-01,1.2975426880e-04,1054.653400,27.305410,3.8499319824e-01,0.679435,0.000078
1,2048,2,1.023500e+03,2041,3000,5.9801531593e-02,6.0220907875e-06,1187.701517,30.742422,5.8423178156e-02,1.023593,0.000232
1,2048,4,5.117500e+02,2033,3000,1.2152187902e-02,4.6937497942e-07,629.243898,16.390292,1.2133606163e-02,1.001531,0.000272
1,2048,8,2.558750e+02,2017,3000,2.8022591701e-03,5.3086211590e-08,295.845427,7.592191,2.8240676152e-03,0.992278,0.000401
1,2048,16,1.279375e+02,1985,3000,6.8268985337e-04,6.5422690722e-09,142.478223,3.739769,6.9066915690e-04,0.988447,0.000568
1,2048,32,6.396875e+01,1921,3000,1.6902260439e-04,7.9447743031e-10,71.918068,1.966318,1.7098004704e-04,0.988552,0.000782
1,2048,64,3.198438e+01,1793,3000,4.2339623143e-05,9.7095860538e-11,36.925234,1.009212,4.2850341606e-05,0.988081,0.001177
1,2048,128,1.599219e+01,1537,3000,1.0657789546e-05,1.4098497288e-11,16.113558,0.572551,1.0793249112e-05,0.987450,0.001832
1,2048,256,7.996094e+00,1025,3000,2.6296253790e-06,2.2733717861e-12,6.083413,0.213145,2.6944851914e-06,0.975929,0.003263
1,4096,1,4.095000e+03,4093,3000,2.6166396335e-01,6.4648504641e-05,2118.162828,56.718009,3.8506990749e-01,0.679523,0.000058
1,4096,2,2.047500e+03,4089,3000,5.9866346549e-02,2.9906360616e-06,2396.800798,62.944697,5.8500454967e-02,1.023348,0.000153
1,4096,4,1.023750e+03,4081,3000,1.2150259496e-02,2.2600199975e-07,1306.438049,34.258138,1.2127397018e-02,1.001885,0.000188
1,4096,8,5.118750e+02,4065,3000,2.8028517538e-03,2.4162093436e-08,650.272955,16.536411,2.8244995278e-03,0.992336,0.000258
1,4096,16,2.559375e+02,4033,3000,6.8225255678e-04,3.1074232413e-09,299.584907,7.907897,6.9028962448e-04,0.988357,0.000386
1,4096,32,1.279688e+02,3969,3000,1.6889969657e-04,3.9714872834e-10,143.659569,3.860780,1.7105143717e-04,0.987421,0.000562
1,4096,64,6.398438e+01,3841,3000,4.2156940848e-05,5.2478038517e-11,67.731482,1.833682,4.2748851396e-05,0.986154,0.000775
1,4096,128,3.199219e+01,3585,3000,1.0465622512e-05,6.5994862633e-12,33.193267,0.895315,1.0602708535e-05,0.987071,0.001193
1,4096,256,1.599609e+01,3073,3000,2.6041635247e-06,8.9417007682e-13,15.168630,0.454619,2.6312836902e-06,0.989693,0.001859
1,4096,512,7.998047e+00,2049,3000,6.5889511677e-07,1.4151473449e-13,6.135655,0.278161,6.7967947693e-07,0.969420,0.003400
1,8192,1,8.191000e+03,8189,3000,2.6177257443e-01,3.4086756144e-05,4020.616126,107.776846,3.8525291695e-01,0.679482,0.000040
1,8192,2,4.095500e+03,8185,3000,5.9868474293e-02,1.4812448211e-06,4839.489277,119.432388,5.8496904767e-02,1.023447,0.000110
1,8192,4,2.047750e+03,8177,3000,1.2152076346e-02,1.1107712149e-07,2658.926655,69.054663,1.2128064164e-02,1.001980,0.000134
1,8192,8,1.023875e+03,8161,3000,2.8020566389e-03,1.1905365947e-08,1318.988672,33.589772,2.8238400966e-03,0.992286,0.000186
1,8192,16,5.119375e+02,8129,3000,6.8202488633e-04,1.4937168618e-09,622.819434,15.306048,6.8987283442e-04,0.988624,0.000267
1,8192,32,2.559688e+02,8065,3000,1.6907740671e-04,1.8474744409e-10,309.472963,7.816850,1.7112460350e-04,0.988037,0.000376
1,8192,64,1.279844e+02,7937,3000,4.2325101990e-05,2.4249862683e-11,147.746342,3.846892,4.2914099109e-05,0.986275,0.000541
1,8192,128,6.399219e+01,7681,3000,1.0569465378e-05,3.1552842844e-12,70.810481,1.800806,1.0702207731e-05,0.987597,0.000785
1,8192,256,3.199609e+01,7169,3000,2.6533402278e-06,4.1295667372e-13,34.096625,0.935144,2.6899343281e-06,0.986396,0.001154
1,8192,512,1.599805e+01,6145,3000,6.6266238110e-07,5.6104586607e-14,15.653673,0.412056,6.7256974456e-07,0.985269,0.001811
1,8192,1024,7.999023e+00,4097,3000,1.6352468466e-07,9.1265353612e-15,5.859907,0.216003,1.6839120025e-07,0.971100,0.003332
1,16384,1,1.638300e+04,16381,3000,2.6166100382e-01,1.6093571899e-05,8508.550041,212.868963,3.8507785271e-01,0.679502,0.000027
1,16384,2,8.191500e+03,16377,3000,5.9879593743e-02,7.5073306382e-07,9552.172189,246.786134,5.8514564397e-02,1.023328,0.000080
1,16384,4,4.095750e+03,16369,3000,1.2163539020e-02,5.7511593477e-08,5145.108057,132.459014,1.2142239975e-02,1.001754,0.000092
1,16384,8,2.047875e+03,16353,3000,2.8038413942e-03,6.3601878355e-09,2472.105154,62.361727,2.8251817949e-03,0.992446,0.000129
1,16384,16,1.023938e+03,16321,3000,6.8288130593e-04,7.8757262029e-10,1184.213026,29.098494,6.9075214309e-04,0.988605,0.000185
1,16384,32,5.119688e+02,16257,3000,1.6939307003e-04,9.4068202079e-11,610.068260,15.546004,1.7162195244e-04,0.987013,0.000267
1,16384,64,2.559844e+02,16129,3000,4.2137549571e-05,1.2028952253e-11,295.216582,7.901986,4.2660404080e-05,0.987744,0.000387
1,16384,128,1.279922e+02,15873,3000,1.0543514482e-05,1.4843673970e-12,149.781918,3.747968,1.0679743806e-05,0.987244,0.000538
1,16384,256,6.399609e+01,15361,3000,2.6433493739e-06,2.0472468666e-13,68.260414,1.846534,2.6783033583e-06,0.986949,0.000827
1,16384,512,3.199805e+01,14337,3000,6.6337398243e-07,2.6159699575e-14,33.644503,0.904198,6.7326675009e-07,0.985306,0.001169
1,16384,1024,1.599902e+01,12289,3000,1.6517952764e-07,3.3693423325e-15,16.195610,0.453398,1.6751246014e-07,0.986073,0.001811
1,16384,2048,7.999512e+00,8193,3000,4.0760087451e-08,5.4463719419e-16,6.100886,0.194827,4.1902929699e-08,0.972726,0.003211
1,32768,1,3.276700e+04,32765,3000,2.6167561516e-01,8.2384679484e-06,16623.024572,419.874621,3.8509387725e-01,0.679511,0.000020
1,32768,2,1.638350e+04,32761,3000,5.9877217107e-02,3.9143682614e-07,18318.568356,447.478194,5.8510982265e-02,1.023350,0.000056
1,32768,4,8.191750e+03,32753,3000,1.2157485733e-02,2.8621038557e-08,10328.378480,263.235981,1.2134968040e-02,1.001856,0.000067
1,32768,8,4.095875e+03,32737,3000,2.8034475716e-03,3.3105357472e-09,4748.064294,123.912734,2.8255704817e-03,0.992170,0.000098
1,32768,16,2.047938e+03,32705,3000,6.8189781094e-04,3.9156648759e-10,2374.997040,60.206343,6.8944342707e-04,0.989055,0.000135
1,32768,32,1.023969e+03,32641,3000,1.6936107445e-04,4.9769274830e-11,1152.645830,30.646212,1.7155071265e-04,0.987236,0.000192
1,32768,64,5.119844e+02,32513,3000,4.2204779227e-05,6.0715368760e-12,586.752062,15.474867,4.2755854256e-05,0.987111,0.000272
1,32768,128,2.559922e+02,32257,3000,1.0521418245e-05,7.5789466529e-13,292.125666,7.427343,1.0659736312e-05,0.987024,0.000384
1,32768,256,1.279961e+02,31745,3000,2.6262330737e-06,9.6024132932e-14,143.653474,3.881030,2.6603334589e-06,0.987182,0.000567
1,32768,512,6.399805e+01,30721,3000,6.5756071768e-07,1.1962414173e-14,72.290775,1.853955,6.6636768360e-07,0.986784,0.000810
1,32768,1024,3.199902e+01,28673,3000,1.6489817110e-07,1.6686868623e-15,32.590185,0.892018,1.6717982025e-07,0.986352,0.001224
1,32768,2048,1.599951e+01,24577,3000,4.1293263366e-08,2.1905465289e-16,15.568111,0.437680,4.1786919236e-08,0.988186,0.001925
1,32768,4096,7.999756e+00,16385,3000,1.0254885296e-08,3.5667971414e-17,5.896757,0.281672,1.0498044556e-08,0.976838,0.003225
0,1024,1,1.023000e+03,1021,3000,7.3298554745e-01,1.6348563775e-03,657.266070,17.570476,1.0020916185e+00,0.731456,0.000162
0,1024,2,5.115000e+02,1017,3000,3.0503014536e-01,3.1975070463e-04,581.974571,14.259431,2.9230696951e-01,1.043527,0.000348
0,1024,4,2.557500e+02,1009,3000,1.2592893743e-01,1.1163561187e-04,284.104633,7.288378,1.1982393640e-01,1.050950,0.000534
0,1024,8,1.278750e+02,993,3000,5.9736241781e-02,5.2762487649e-05,135.263470,3.481824,5.6772148502e-02,1.052210,0.000791
0,1024,16,6.393750e+01,961,3000,2.9429953050e-02,2.6305757168e-05,65.850386,1.671664,2.7871612147e-02,1.055911,0.001150
0,1024,32,3.196875e+01,897,3000,1.4701235889e-02,1.3771160586e-05,31.388253,0.924208,1.3991101154e-02,1.050756,0.001686
0,1024,64,1.598438e+01,769,3000,7.2687675819e-03,7.4628954865e-06,14.159379,0.376861,6.8956034336e-03,1.054116,0.002575
0,1024,128,7.992188e+00,513,3000,3.5048835923e-03,4.6088501976e-06,5.330704,0.222715,3.4589225709e-03,1.013288,0.004043
0,2048,1,2.047000e+03,2045,3000,7.3108368758e-01,7.8120025773e-04,1368.364521,36.767551,9.9929502083e-01,0.731599,0.000116
0,2048,2,1.023500e+03,2041,3000,3.0454216192e-01,1.6125959155e-04,1150.268675,28.681473,2.9173417406e-01,1.043903,0.000245
0,2048,4,5.117500e+02,2033,3000,1.2588469540e-01,5.5459964974e-05,571.473730,14.999475,1.1988613489e-01,1.050035,0.000361
0,2048,8,2.558750e+02,2017,3000,5.9547719907e-02,2.5455848410e-05,278.594599,7.319865,5.6578049751e-02,1.052488,0.000537
0,2048,16,1.279375e+02,1985,3000,2.9356180932e-02,1.2703965406e-05,135.671868,3.504384,2.7819279638e-02,1.055246,0.000790
0,2048,32,6.396875e+01,1921,3000,1.4698574731e-02,6.7251417245e-06,64.250869,1.667290,1.3960317314e-02,1.052883,0.001156
0,2048,64,3.198438e+01,1793,3000,7.3213245085e-03,3.5283217427e-06,30.383733,0.796953,6.9523495065e-03,1.053072,0.001638
0,2048,128,1.599219e+01,1537,3000,3.6298403541e-03,1.8785750528e-06,14.027378,0.416790,3.4473451768e-03,1.052938,0.002500
0,2048,256,7.996094e+00,1025,3000,1.7616958017e-03,1.1739949268e-06,5.287198,0.187258,1.7413482232e-03,1.011685,0.004049
0,4096,1,4.095000e+03,4093,3000,7.3183420607e-01,4.0172897239e-04,2666.381277,68.356360,1.0005987013e+00,0.731396,0.000079
0,4096,2,2.047500e+03,4089,3000,3.0434115425e-01,7.8104548665e-05,2371.783456,60.646823,2.9157163135e-01,1.043795,0.000173
0,4096,4,1.023750e+03,4081,3000,1.2567676515e-01,2.7089557815e-05,1166.106099,30.798911,1.1959665346e-01,1.050838,0.000259
0,4096,8,5.118750e+02,4065,3000,5.9615915431e-02,1.2662469364e-05,561.352967,14.974139,5.6619327575e-02,1.052925,0.000413
0,4096,16,2.559375e+02,4033,3000,2.9436739388e-02,6.4671240649e-06,267.977425,6.700537,2.7929807842e-02,1.053954,0.000534
0,4096,32,1.279688e+02,3969,3000,1.4688899976e-02,3.0722093026e-06,140.461643,3.549613,1.3937850214e-02,1.053886,0.000785
0,4096,64,6.398438e+01,3841,3000,7.3305538366e-03,1.5027615712e-06,71.517692,1.908646,6.9560553540e-03,1.053838,0.001172
0,4096,128,3.199219e+01,3585,3000,3.6600173330e-03,8.2255687664e-07,32.570944,0.901329,3.4680153562e-03,1.055364,0.001702
0,4096,256,1.599609e+01,3073,3000,1.8326244799e-03,4.9227100497e-07,13.644974,0.415581,1.7375159957e-03,1.054738,0.002546
0,4096,512,7.998047e+00,2049,3000,8.8966508169e-04,2.9596837870e-07,5.348571,0.258356,8.8404922309e-04,1.006352,0.004015
0,8192,1,8.191000e+03,8189,3000,7.3164721530e-01,1.9700114518e-04,5434.563816,137.398311,1.0002533566e+00,0.731462,0.000055
0,8192,2,4.095500e+03,8185,3000,3.0453551712e-01,3.8674500433e-05,4796.022193,127.072523,2.9177252588e-01,1.043743,0.000124
0,8192,4,2.047750e+03,8177,3000,1.2584799355e-01,1.3531541001e-05,2340.859401,61.898773,1.1979936491e-01,1.050490,0.000182
0,8192,8,1.023875e+03,8161,3000,5.9656611400e-02,6.2181475879e-06,1144.685369,30.999545,5.6690930698e-02,1.052313,0.000277
0,8192,16,5.119375e+02,8129,3000,2.9373921039e-02,3.1723762140e-06,543.962745,14.567244,2.7876075270e-02,1.053732,0.000367
0,8192,32,2.559688e+02,8065,3000,1.4633875252e-02,1.5283157236e-06,280.243541,7.345336,1.3881972893e-02,1.054164,0.000557
0,8192,64,1.279844e+02,7937,3000,7.3185762690e-03,7.8538938319e-07,136.394914,3.458450,6.9306437673e-03,1.055974,0.000789
0,8192,128,6.399219e+01,7681,3000,3.6862660309e-03,4.1964214094e-07,64.762596,1.778650,3.4950450704e-03,1.054712,0.001112
0,8192,256,3.199609e+01,7169,3000,1.8557794345e-03,2.2189531510e-07,31.040920,0.866152,1.7643876847e-03,1.051798,0.001631
0,8192,512,1.599805e+01,6145,3000,9.2074568367e-04,1.2316418365e-07,13.766545,0.369584,8.7379283842e-04,1.053735,0.002503
0,8192,1024,7.999023e+00,4097,3000,4.4274202730e-04,7.3302598979e-08,5.348255,0.165530,4.3930020392e-04,1.007835,0.004100
0,16384,1,1.638300e+04,16381,3000,7.3180293614e-01,1.0402677159e-04,10296.109918,272.933666,1.0004249685e+00,0.731492,0.000038
0,16384,2,8.191500e+03,16377,3000,3.0459299085e-01,1.9179434681e-05,9674.621971,248.587770,2.9183946693e-01,1.043700,0.000084
0,16384,4,4.095750e+03,16369,3000,1.2579193112e-01,6.8232178087e-06,4638.166442,121.347297,1.1977621257e-01,1.050225,0.000130
0,16384,8,2.047875e+03,16353,3000,5.9558156130e-02,3.1292096688e-06,2267.137288,57.599794,5.6560478600e-02,1.053000,0.000191
0,16384,16,1.023938e+03,16321,3000,2.9392349512e-02,1.5888793344e-06,1087.445964,27.753610,2.7890989478e-02,1.053830,0.000272
0,16384,32,5.119688e+02,16257,3000,1.4656636041e-02,7.8648310880e-07,546.272330,14.719645,1.3904751312e-02,1.054074,0.000397
0,16384,64,2.559844e+02,16129,3000,7.3283449284e-03,3.9726555765e-07,270.371485,7.034299,6.9526854220e-03,1.054031,0.000557
0,16384,128,1.279922e+02,15873,3000,3.6629400074e-03,2.0593820661e-07,130.302480,3.291810,3.4755153169e-03,1.053927,0.000769
0,16384,256,6.399609e+01,15361,3000,1.8297889004e-03,9.9812647526e-08,67.088240,1.782508,1.7363124360e-03,1.053836,0.001142
0,16384,512,3.199805e+01,14337,3000,9.1299827452e-04,5.3446894785e-08,31.192302,0.817733,8.6581861560e-04,1.054491,0.001633
0,16384,1024,1.599902e+01,12289,3000,4.5444176589e-04,2.8745618913e-08,14.368612,0.418587,4.3092585404e-04,1.054571,0.002728
0,16384,2048,7.999512e+00,8193,3000,2.1908185530e-04,1.7865610426e-08,5.373100,0.171866,2.1761184324e-04,1.006755,0.003868
0,32768,1,3.276700e+04,32765,3000,7.3122781140e-01,5.2222054075e-05,20477.712784,523.750535,9.9964836807e-01,0.731485,0.000029
0,32768,2,1.638350e+04,32761,3000,3.0436451518e-01,1.0121897614e-05,18304.425047,478.226449,2.9155230815e-01,1.043945,0.000059
0,32768,4,8.191750e+03,32753,3000,1.2584848321e-01,3.5095491298e-06,9025.570033,237.480354,1.1981835782e-01,1.050327,0.000092
0,32768,8,4.095875e+03,32737,3000,5.9639623785e-02,1.6307806687e-06,4362.186520,111.173432,5.6630326118e-02,1.053139,0.000136
0,32768,16,2.047938e+03,32705,3000,2.9444682471e-02,7.6306023098e-07,2272.400764,57.249228,2.7952104226e-02,1.053398,0.000197
0,32768,32,1.023969e+03,32641,3000,1.4664009391e-02,3.8983029530e-07,1103.214265,27.615293,1.3912322918e-02,1.054030,0.000273
0,32768,64,5.119844e+02,32513,3000,7.3285128525e-03,1.8922431453e-07,567.655386,14.266748,6.9497770264e-03,1.054496,0.000390
0,32768,128,2.559922e+02,32257,3000,3.6686415985e-03,9.4562197017e-08,284.657751,7.158282,3.4789157754e-03,1.054536,0.000539
0,32768,256,1.279961e+02,31745,3000,1.8378176213e-03,5.1188755143e-08,131.965452,3.395755,1.7439249706e-03,1.053840,0.000789
0,32768,512,6.399805e+01,30721,3000,9.1823126608e-04,2.4945523612e-08,67.599195,1.800176,8.7250567392e-04,1.052407,0.001125
0,32768,1024,3.199902e+01,28673,3000,4.5665153364e-04,1.3030843921e-08,32.005697,0.871093,4.3306752560e-04,1.054458,0.001681
0,32768,2048,1.599951e+01,24577,3000,2.2690748046e-04,7.4753701183e-09,13.775105,0.397437,2.1611850248e-04,1.049922,0.002628
0,32768,4096,7.999756e+00,16385,3000,1.0821355543e-04,4.3232207602e-09,5.417338,0.171580,1.0666588255e-04,1.014510,0.004173
-1,1024,1,1.023000e+03,1021,3000,2.3397844131e+00,1.2960190765e-02,844.831870,22.459895,2.7730053966e+00,0.843772,0.000256
-1,1024,2,5.115000e+02,1017,3000,1.9671038464e+00,1.4261613855e-02,542.645115,14.845076,1.6207654568e+00,1.213688,0.000615
-1,1024,4,2.557500e+02,1009,3000,1.7344215090e+00,2.3781727992e-02,252.985651,6.547738,1.3664815380e+00,1.269261,0.001012
-1,1024,8,1.278750e+02,993,3000,1.6837206424e+00,4.5373855227e-02,124.958093,3.178784,1.3095027578e+00,1.285771,0.001482
-1,1024,16,6.393750e+01,961,3000,1.6734510284e+00,8.8136812199e-02,63.547530,1.561810,1.2936768311e+00,1.293562,0.002208
-1,1024,32,3.196875e+01,897,3000,1.6749444054e+00,1.8726492083e-01,29.962245,0.750032,1.2950618890e+00,1.293332,0.003166
-1,1024,64,1.598438e+01,769,3000,1.6552842801e+00,4.1557519873e-01,13.186379,0.405004,1.2941027754e+00,1.279098,0.004911
-1,1024,128,7.992188e+00,513,3000,1.4730322070e+00,9.1626492128e-01,4.736237,0.186961,1.2854327440e+00,1.145943,0.006298
-1,2048,1,2.047000e+03,2045,3000,2.3372368001e+00,6.5908432994e-03,1657.656118,43.769133,2.7689699290e+00,0.844082,0.000184
-1,2048,2,1.023500e+03,2041,3000,1.9666356978e+00,6.5466144355e-03,1181.574387,31.848550,1.6211615203e+00,1.213103,0.000444
-1,2048,4,5.117500e+02,2033,3000,1.7324590117e+00,1.1196738657e-02,536.122941,13.768882,1.3649548979e+00,1.269243,0.000698
-1,2048,8,2.558750e+02,2017,3000,1.6836698308e+00,2.2334062023e-02,253.849398,6.689063,1.3077918135e+00,1.287414,0.001052
-1,2048,16,1.279375e+02,1985,3000,1.6769113552e+00,4.4970237842e-02,125.061900,3.374661,1.2973382578e+00,1.292578,0.001529
-1,2048,32,6.396875e+01,1921,3000,1.6786595484e+00,9.1023622146e-02,61.915749,1.599486,1.2966071315e+00,1.294655,0.002157
-1,2048,64,3.198438e+01,1793,3000,1.6801939589e+00,1.9858247917e-01,28.432032,0.760741,1.3009118182e+00,1.291551,0.003259
-1,2048,128,1.599219e+01,1537,3000,1.6510071412e+00,4.3182202844e-01,12.624759,0.352170,1.2955910514e+00,1.274327,0.004836
-1,2048,256,7.996094e+00,1025,3000,1.4817957221e+00,9.3430177184e-01,4.700234,0.145665,1.2878894459e+00,1.150561,0.006317
-1,4096,1,4.095000e+03,4093,3000,2.3396549677e+00,3.1274007051e-03,3500.661338,90.116195,2.7721382690e+00,0.843989,0.000137
-1,4096,2,2.047500e+03,4089,3000,1.9681025148e+00,3.4420869078e-03,2250.627374,57.530041,1.6222139049e+00,1.213220,0.000307
-1,4096,4,1.023750e+03,4081,3000,1.7334719319e+00,5.7935559556e-03,1037.333535,27.237412,1.3663794804e+00,1.268661,0.000488
-1,4096,8,5.118750e+02,4065,3000,1.6822358315e+00,1.1192735590e-02,505.670373,13.188510,1.3078595807e+00,1.286251,0.000728
-1,4096,16,2.559375e+02,4033,3000,1.6722301256e+00,2.1811893732e-02,256.406310,6.820626,1.2963072251e+00,1.289995,0.001054
-1,4096,32,1.279688e+02,3969,3000,1.6679452272e+00,4.3916820516e-02,126.695933,3.270939,1.2895831014e+00,1.293399,0.001544
-1,4096,64,6.398438e+01,3841,3000,1.6686977831e+00,8.9159761958e-02,62.462084,1.613966,1.2904467507e+00,1.293116,0.002146
-1,4096,128,3.199219e+01,3585,3000,1.6617719257e+00,1.8593884104e-01,29.703164,0.847300,1.2883521722e+00,1.289843,0.003145
-1,4096,256,1.599609e+01,3073,3000,1.6329610349e+00,4.0181192928e-01,13.272686,0.380841,1.2820680165e+00,1.273693,0.004971
-1,4096,512,7.998047e+00,2049,3000,1.4506190472e+00,8.3348483395e-01,5.049392,0.152393,1.2720079261e+00,1.140417,0.005884
-1,8192,1,8.191000e+03,8189,3000,2.3376503419e+00,1.6363171433e-03,6679.156475,169.658022,2.7695599405e+00,0.844051,0.000095
-1,8192,2,4.095500e+03,8185,3000,1.9675270398e+00,1.7675010250e-03,4380.379528,112.158855,1.6210967962e+00,1.213701,0.000220
-1,8192,4,2.047750e+03,8177,3000,1.7348030958e+00,2.9083800819e-03,2069.565666,55.945892,1.3677195605e+00,1.268391,0.000347
-1,8192,8,1.023875e+03,8161,3000,1.6827719796e+00,5.3736543129e-03,1053.927689,28.194358,1.3091796605e+00,1.285364,0.000510
-1,8192,16,5.119375e+02,8129,3000,1.6714318038e+00,1.0816173463e-02,516.575346,14.235158,1.2937273877e+00,1.291951,0.000740
-1,8192,32,2.559688e+02,8065,3000,1.6707739219e+00,2.1895594498e-02,254.981476,6.671341,1.2929238873e+00,1.292245,0.001109
-1,8192,64,1.279844e+02,7937,3000,1.6695145327e+00,4.4038115661e-02,126.584834,3.094978,1.2886706396e+00,1.295532,0.001588
-1,8192,128,6.399219e+01,7681,3000,1.6744003171e+00,9.4395820092e-02,59.401283,1.675534,1.2899751426e+00,1.298010,0.002133
-1,8192,256,3.199609e+01,7169,3000,1.6833746298e+00,1.9897298587e-01,28.483768,0.753288,1.2965671237e+00,1.298332,0.003227
-1,8192,512,1.599805e+01,6145,3000,1.6683250353e+00,4.4640237485e-01,12.469953,0.379699,1.3081155162e+00,1.275365,0.004877
-1,8192,1024,7.999023e+00,4097,3000,1.4835547095e+00,9.3834348917e-01,4.691106,0.154241,1.2842123694e+00,1.155225,0.006242
-1,16384,1,1.638300e+04,16381,3000,2.3382422835e+00,8.0789037636e-04,13534.947653,347.900090,2.7701637256e+00,0.844081,0.000066
-1,16384,2,8.191500e+03,16377,3000,1.9676744106e+00,8.1223525111e-04,9533.549746,253.091030,1.6218704509e+00,1.213213,0.000157
-1,16384,4,4.095750e+03,16369,3000,1.7335522989e+00,1.3991654029e-03,4295.708809,107.945159,1.3661529802e+00,1.268930,0.000256
-1,16384,8,2.047875e+03,16353,3000,1.6832192087e+00,2.7689199947e-03,2046.449092,51.555849,1.3088944096e+00,1.285985,0.000365
-1,16384,16,1.023938e+03,16321,3000,1.6729247944e+00,5.5438925212e-03,1009.643443,26.442880,1.2956634282e+00,1.291172,0.000538
-1,16384,32,5.119688e+02,16257,3000,1.6714357139e+00,1.1274527358e-02,495.576845,12.574218,1.2921652123e+00,1.293515,0.000745
-1,16384,64,2.559844e+02,16129,3000,1.6720500576e+00,2.1950997275e-02,254.726595,6.966940,1.2929479472e+00,1.293208,0.001079
-1,16384,128,1.279922e+02,15873,3000,1.6698862858e+00,4.5482441862e-02,122.619635,3.287277,1.2906347994e+00,1.293849,0.001479
-1,16384,256,6.399609e+01,15361,3000,1.6686727781e+00,9.1649406492e-02,60.763489,1.507362,1.2876774660e+00,1.295878,0.002214
-1,16384,512,3.199805e+01,14337,3000,1.6689870283e+00,1.9360416687e-01,28.775390,0.763543,1.2892821377e+00,1.294509,0.003227
-1,16384,1024,1.599902e+01,12289,3000,1.6462026418e+00,4.2240667515e-01,12.831157,0.372474,1.2880031689e+00,1.278104,0.005022
-1,16384,2048,7.999512e+00,8193,3000,1.4744243584e+00,9.2287844744e-01,4.711189,0.155103,1.2785733428e+00,1.153179,0.006049
-1,32768,1,3.276700e+04,32765,3000,2.3380856917e+00,4.0190236271e-04,27203.844560,710.099283,2.7700651835e+00,0.844054,0.000046
-1,32768,2,1.638350e+04,32761,3000,1.9674979528e+00,4.2276022983e-04,18313.208865,497.293237,1.6214682753e+00,1.213405,0.000105
-1,32768,4,8.191750e+03,32753,3000,1.7339191022e+00,6.9054267973e-04,8707.573163,227.261918,1.3664553310e+00,1.268918,0.000173
-1,32768,8,4.095875e+03,32737,3000,1.6837017715e+00,1.3380461544e-03,4237.300255,109.839098,1.3091981946e+00,1.286056,0.000260
-1,32768,16,2.047938e+03,32705,3000,1.6734973127e+00,2.6650920062e-03,2101.685982,52.975653,1.2963629477e+00,1.290917,0.000382
-1,32768,32,1.023969e+03,32641,3000,1.6707088362e+00,5.4241065715e-03,1029.208397,26.784033,1.2921234720e+00,1.292995,0.000540
-1,32768,64,5.119844e+02,32513,3000,1.6698473639e+00,1.1176791718e-02,498.960755,13.254305,1.2904602189e+00,1.293994,0.000725
-1,32768,128,2.559922e+02,32257,3000,1.6702219066e+00,2.1234924467e-02,262.740866,6.976633,1.2896657131e+00,1.295081,0.001084
-1,32768,256,1.279961e+02,31745,3000,1.6723718445e+00,4.1952749866e-02,133.332265,3.411278,1.2913937689e+00,1.295013,0.001531
-1,32768,512,6.399805e+01,30721,3000,1.6728494660e+00,9.1690320568e-02,61.040802,1.659688,1.2918570369e+00,1.294918,0.002219
-1,32768,1024,3.199902e+01,28673,3000,1.6717705264e+00,1.9933874032e-01,28.040878,0.725989,1.2914490096e+00,1.294492,0.003323
-1,32768,2048,1.599951e+01,24577,3000,1.6486701560e+00,4.3759268993e-01,12.423029,0.392855,1.2901843134e+00,1.277856,0.004907
-1,32768,4096,7.999756e+00,16385,3000,1.4965237475e+00,9.7605800204e-01,4.589037,0.176790,1.3021743439e+00,1.149250,0.006379
-2,1024,1,1.023000e+03,1021,3000,1.0227336162e+01,2.0880445003e-01,1001.879078,25.824279,8.4850318754e+00,1.205339,0.000668
-2,1024,2,5.115000e+02,1017,3000,1.9934433278e+01,1.7891114589e+00,444.222330,11.590886,1.0484556279e+01,1.901314,0.001767
-2,1024,4,2.557500e+02,1009,3000,3.7953658801e+01,1.4043113681e+01,205.151115,5.499474,1.8283147253e+01,2.075882,0.002956
-2,1024,8,1.278750e+02,993,3000,7.4954897942e+01,1.1388737623e+02,98.663029,2.521904,3.5433371419e+01,2.115376,0.004452
-2,1024,16,6.393750e+01,961,3000,1.4795235002e+02,9.2674673285e+02,47.240302,1.304089,7.0550060656e+01,2.097126,0.006288
-2,1024,32,3.196875e+01,897,3000,2.8568895603e+02,7.4447144368e+03,21.926477,0.673416,1.4009673564e+02,2.039226,0.008958
-2,1024,64,1.598438e+01,769,3000,5.1818255509e+02,5.5296852706e+04,9.711698,0.348531,2.7587723662e+02,1.878308,0.011637
-2,1024,128,7.992188e+00,513,3000,7.6422344437e+02,3.0698505310e+05,3.804990,0.154252,5.4609991544e+02,1.399421,0.010102
-2,2048,1,2.047000e+03,2045,3000,1.0232098522e+01,1.0446217572e-01,2004.473666,53.029959,8.4904821736e+00,1.205126,0.000477
-2,2048,2,1.023500e+03,2041,3000,1.9959782051e+01,8.9843974165e-01,886.855024,22.393974,1.0465361109e+01,1.907223,0.001258
-2,2048,4,5.117500e+02,2033,3000,3.8127923340e+01,6.9438509867e+00,418.712481,11.058952,1.8297768266e+01,2.083747,0.002128
-2,2048,8,2.558750e+02,2017,3000,7.5583209928e+01,5.5649941275e+01,205.312764,5.506504,3.5520584711e+01,2.127871,0.003180
-2,2048,16,1.279375e+02,1985,3000,1.5038259413e+02,4.6377641118e+02,97.525118,2.746945,7.0480768241e+01,2.133668,0.004526
-2,2048,32,6.396875e+01,1921,3000,2.9772101921e+02,3.8532938798e+03,46.006252,1.408019,1.3977683069e+02,2.129974,0.006638
-2,2048,64,3.198438e+01,1793,3000,5.8105701525e+02,3.1872480707e+04,21.186130,0.696482,2.7990596897e+02,2.075901,0.009757
-2,2048,128,1.599219e+01,1537,3000,1.0739742396e+03,2.5842414509e+05,8.926570,0.303751,5.6022986294e+02,1.917024,0.012679
-2,2048,256,7.996094e+00,1025,3000,1.6218550249e+03,1.4614530348e+06,3.599724,0.145119,1.1454002520e+03,1.415972,0.010793
-2,4096,1,4.095000e+03,4093,3000,1.0229487044e+01,5.2736236489e-02,3968.520022,107.218553,8.4840491107e+00,1.205732,0.000339
-2,4096,2,2.047500e+03,4089,3000,1.9975708675e+01,4.5228772933e-01,1764.491545,47.935049,1.0463969010e+01,1.908999,0.000922
-2,4096,4,1.023750e+03,4081,3000,3.8187375169e+01,3.6153375829e+00,806.716158,21.369357,1.8317023589e+01,2.084802,0.001481
-2,4096,8,5.118750e+02,4065,3000,7.5775231860e+01,2.8418580396e+01,404.093778,10.837582,3.5492052983e+01,2.134992,0.002286
-2,4096,16,2.559375e+02,4033,3000,1.5137704545e+02,2.3156157719e+02,197.917203,5.257762,7.0448405423e+01,2.148765,0.003213
-2,4096,32,1.279688e+02,3969,3000,3.0189916001e+02,1.9064770236e+03,95.614163,2.483330,1.4075653317e+02,2.144832,0.004513
-2,4096,64,6.398438e+01,3841,3000,5.9796140862e+02,1.5462247675e+04,46.249142,1.236572,2.8194876736e+02,2.120816,0.006529
-2,4096,128,3.199219e+01,3585,3000,1.1591079782e+03,1.2394823971e+05,21.678909,0.594986,5.6705353041e+02,2.044089,0.008916
-2,4096,256,1.599609e+01,3073,3000,2.1108483987e+03,9.6059260298e+05,9.276942,0.286894,1.1228925967e+03,1.879831,0.011526
-2,4096,512,7.998047e+00,2049,3000,3.1182181419e+03,4.9501581387e+06,3.928474,0.129874,2.2385095358e+03,1.392989,0.009859
-2,8192,1,8.191000e+03,8189,3000,1.0224020847e+01,2.6722717235e-02,7823.351298,201.665818,8.4783407577e+00,1.205899,0.000244
-2,8192,2,4.095500e+03,8185,3000,1.9965879819e+01,2.3097345987e-01,3451.793614,91.809930,1.0463779190e+01,1.908095,0.000658
-2,8192,4,2.047750e+03,8177,3000,3.8152758896e+01,1.8306243255e+00,1590.313197,42.846451,1.8297721725e+01,2.085110,0.001082
-2,8192,8,1.023875e+03,8161,3000,7.5728811224e+01,1.4654793638e+01,782.658970,20.707642,3.5441822552e+01,2.136708,0.001592
-2,8192,16,5.119375e+02,8129,3000,1.5140074900e+02,1.1834233515e+02,387.387772,9.682614,7.0345780176e+01,2.152236,0.002316
-2,8192,32,2.559688e+02,8065,3000,3.0276057307e+02,9.5322843774e+02,192.323185,5.013208,1.4021955577e+02,2.159189,0.003310
-2,8192,64,1.279844e+02,7937,3000,6.0441657852e+02,7.8139907894e+03,93.503924,2.538749,2.8107829097e+02,2.150350,0.004651
-2,8192,128,6.399219e+01,7681,3000,1.1990963883e+03,6.4495243271e+04,44.587231,1.247122,5.6322872346e+02,2.128969,0.006495
-2,8192,256,3.199609e+01,7169,3000,2.3383941596e+03,5.1838923899e+05,21.096454,0.587595,1.1301672645e+03,2.069069,0.008989
-2,8192,512,1.599805e+01,6145,3000,4.2877550644e+03,3.9006192038e+06,9.426628,0.295202,2.2692504401e+03,1.889503,0.011940
-2,8192,1024,7.999023e+00,4097,3000,6.3125063149e+03,2.0372730258e+07,3.911870,0.142550,4.5004503541e+03,1.402639,0.010128
-2,16384,1,1.638300e+04,16381,3000,1.0227436873e+01,1.3102174156e-02,15966.886678,406.948181,8.4819524659e+00,1.205788,0.000174
-2,16384,2,8.191500e+03,16377,3000,1.9970434446e+01,1.0999791504e-01,7251.378389,184.863340,1.0463392453e+01,1.908600,0.000444
-2,16384,4,4.095750e+03,16369,3000,3.8171482467e+01,8.4821208247e-01,3435.607919,87.935590,1.8305056095e+01,2.085297,0.000753
-2,16384,8,2.047875e+03,16353,3000,7.5774607258e+01,6.8590732149e+00,1674.217762,42.658413,3.5462962882e+01,2.136725,0.001097
-2,16384,16,1.023938e+03,16321,3000,1.5146802808e+02,5.5681089575e+01,824.070208,20.900813,7.0410799821e+01,2.151204,0.001560
-2,16384,32,5.119688e+02,16257,3000,3.0277364907e+02,4.5195579128e+02,405.667476,10.675837,1.4031518837e+02,2.157811,0.002327
-2,16384,64,2.559844e+02,16129,3000,6.0465811318e+02,3.6848745818e+03,198.439011,5.253241,2.8038861162e+02,2.156500,0.003311
-2,16384,128,1.279922e+02,15873,3000,1.2041464334e+03,2.9984128762e+04,96.715742,2.524230,5.6069517034e+02,2.147596,0.004636
-2,16384,256,6.399609e+01,15361,3000,2.3818400713e+03,2.4810820829e+05,45.731354,1.195347,1.1232940067e+03,2.120407,0.006502
-2,16384,512,3.199805e+01,14337,3000,4.6310474132e+03,2.0334065152e+06,21.094257,0.570672,2.2444475218e+03,2.063335,0.009070
-2,16384,1024,1.599902e+01,12289,3000,8.5199285827e+03,1.5537094403e+07,9.343984,0.300702,4.4718408026e+03,1.905240,0.012166
-2,16384,2048,7.999512e+00,8193,3000,1.2786628041e+04,8.6644548373e+07,3.773991,0.167170,9.0125043015e+03,1.418765,0.010459
-2,32768,1,3.276700e+04,32765,3000,1.0229304643e+01,6.0960697146e-03,34329.880849,875.383648,8.4841467820e+00,1.205696,0.000121
-2,32768,2,1.638350e+04,32761,3000,1.9973926381e+01,5.0817289246e-02,15701.653551,406.015824,1.0461673877e+01,1.909248,0.000327
-2,32768,4,8.191750e+03,32753,3000,3.8191424823e+01,4.0905600465e-01,7131.468129,188.802637,1.8306544629e+01,2.086217,0.000535
-2,32768,8,4.095875e+03,32737,3000,7.5844062258e+01,3.4023318323e+00,3381.399619,86.192757,3.5470763524e+01,2.138213,0.000802
-2,32768,16,2.047938e+03,32705,3000,1.5171379757e+02,2.8587752264e+01,1610.275349,41.902404,7.0455312549e+01,2.153334,0.001142
-2,32768,32,1.023969e+03,32641,3000,3.0345265884e+02,2.3299799140e+02,790.423262,21.469768,1.4058652702e+02,2.158476,0.001624
-2,32768,64,5.119844e+02,32513,3000,6.0640289221e+02,1.9037891423e+03,386.307979,10.149084,2.8101624661e+02,2.157893,0.002215
-2,32768,128,2.559922e+02,32257,3000,1.2094845879e+03,1.5090003860e+04,193.883710,4.878756,5.6169228306e+02,2.153287,0.003140
-2,32768,256,1.279961e+02,31745,3000,2.4054674484e+03,1.1880565472e+05,97.407378,2.456638,1.1210667137e+03,2.145695,0.004535
-2,32768,512,6.399805e+01,30721,3000,4.7563319758e+03,9.5243115648e+05,47.505153,1.199726,2.2406480945e+03,2.122748,0.006508
-2,32768,1024,3.199902e+01,28673,3000,9.2418642076e+03,7.7049923770e+06,22.170575,0.613468,4.4631712663e+03,2.070695,0.009182
-2,32768,2048,1.599951e+01,24577,3000,1.7070711171e+04,6.2490812731e+07,9.326465,0.287194,8.9634320270e+03,1.904484,0.012281
-2,32768,4096,7.999756e+00,16385,3000,2.5677047338e+04,3.6404711817e+08,3.622118,0.134330,1.8318768229e+04,1.401680,0.010201
